"0","corsev<-cor(mtcars[,1:9])"
"0","corsev"
"1","    "
"1","        mpg"
"1","        cyl"
"1","       disp"
"1","         hp"
"1","
mpg "
"1","  1.0000000"
"1"," -0.8521620"
"1"," -0.8475514"
"1"," -0.7761684"
"1","
cyl "
"1"," -0.8521620"
"1","  1.0000000"
"1","  0.9020329"
"1","  0.8324475"
"1","
disp"
"1"," -0.8475514"
"1","  0.9020329"
"1","  1.0000000"
"1","  0.7909486"
"1","
hp  "
"1"," -0.7761684"
"1","  0.8324475"
"1","  0.7909486"
"1","  1.0000000"
"1","
drat"
"1","  0.6811719"
"1"," -0.6999381"
"1"," -0.7102139"
"1"," -0.4487591"
"1","
wt  "
"1"," -0.8676594"
"1","  0.7824958"
"1","  0.8879799"
"1","  0.6587479"
"1","
qsec"
"1","  0.4186840"
"1"," -0.5912421"
"1"," -0.4336979"
"1"," -0.7082234"
"1","
vs  "
"1","  0.6640389"
"1"," -0.8108118"
"1"," -0.7104159"
"1"," -0.7230967"
"1","
am  "
"1","  0.5998324"
"1"," -0.5226070"
"1"," -0.5912270"
"1"," -0.2432043"
"1","
"
"1","    "
"1","        drat"
"1","         wt"
"1","        qsec"
"1","         vs"
"1","
mpg "
"1","  0.68117191"
"1"," -0.8676594"
"1","  0.41868403"
"1","  0.6640389"
"1","
cyl "
"1"," -0.69993811"
"1","  0.7824958"
"1"," -0.59124207"
"1"," -0.8108118"
"1","
disp"
"1"," -0.71021393"
"1","  0.8879799"
"1"," -0.43369788"
"1"," -0.7104159"
"1","
hp  "
"1"," -0.44875912"
"1","  0.6587479"
"1"," -0.70822339"
"1"," -0.7230967"
"1","
drat"
"1","  1.00000000"
"1"," -0.7124406"
"1","  0.09120476"
"1","  0.4402785"
"1","
wt  "
"1"," -0.71244065"
"1","  1.0000000"
"1"," -0.17471588"
"1"," -0.5549157"
"1","
qsec"
"1","  0.09120476"
"1"," -0.1747159"
"1","  1.00000000"
"1","  0.7445354"
"1","
vs  "
"1","  0.44027846"
"1"," -0.5549157"
"1","  0.74453544"
"1","  1.0000000"
"1","
am  "
"1","  0.71271113"
"1"," -0.6924953"
"1"," -0.22986086"
"1","  0.1683451"
"1","
"
"1","    "
"1","         am"
"1","
mpg "
"1","  0.5998324"
"1","
cyl "
"1"," -0.5226070"
"1","
disp"
"1"," -0.5912270"
"1","
hp  "
"1"," -0.2432043"
"1","
drat"
"1","  0.7127111"
"1","
wt  "
"1"," -0.6924953"
"1","
qsec"
"1"," -0.2298609"
"1","
vs  "
"1","  0.1683451"
"1","
am  "
"1","  1.0000000"
"1","
"
"0","corsevp<-cor_pmat(mtcars[,1:9])"
"0","corsevp"
"1","    "
"1","          mpg"
"1","          cyl"
"1","         disp"
"1","
mpg "
"1"," 0.000000e+00"
"1"," 6.112687e-10"
"1"," 9.380327e-10"
"1","
cyl "
"1"," 6.112687e-10"
"1"," 0.000000e+00"
"1"," 1.802838e-12"
"1","
disp"
"1"," 9.380327e-10"
"1"," 1.802838e-12"
"1"," 0.000000e+00"
"1","
hp  "
"1"," 1.787835e-07"
"1"," 3.477861e-09"
"1"," 7.142679e-08"
"1","
drat"
"1"," 1.776240e-05"
"1"," 8.244636e-06"
"1"," 5.282022e-06"
"1","
wt  "
"1"," 1.293959e-10"
"1"," 1.217567e-07"
"1"," 1.222320e-11"
"1","
qsec"
"1"," 1.708199e-02"
"1"," 3.660533e-04"
"1"," 1.314404e-02"
"1","
vs  "
"1"," 3.415937e-05"
"1"," 1.843018e-08"
"1"," 5.235012e-06"
"1","
am  "
"1"," 2.850207e-04"
"1"," 2.151207e-03"
"1"," 3.662114e-04"
"1","
"
"1","    "
"1","           hp"
"1","         drat"
"1","           wt"
"1","
mpg "
"1"," 1.787835e-07"
"1"," 1.776240e-05"
"1"," 1.293959e-10"
"1","
cyl "
"1"," 3.477861e-09"
"1"," 8.244636e-06"
"1"," 1.217567e-07"
"1","
disp"
"1"," 7.142679e-08"
"1"," 5.282022e-06"
"1"," 1.222320e-11"
"1","
hp  "
"1"," 0.000000e+00"
"1"," 9.988772e-03"
"1"," 4.145827e-05"
"1","
drat"
"1"," 9.988772e-03"
"1"," 0.000000e+00"
"1"," 4.784260e-06"
"1","
wt  "
"1"," 4.145827e-05"
"1"," 4.784260e-06"
"1"," 0.000000e+00"
"1","
qsec"
"1"," 5.766253e-06"
"1"," 6.195826e-01"
"1"," 3.388683e-01"
"1","
vs  "
"1"," 2.940896e-06"
"1"," 1.167553e-02"
"1"," 9.798492e-04"
"1","
am  "
"1"," 1.798309e-01"
"1"," 4.726790e-06"
"1"," 1.125440e-05"
"1","
"
"1","    "
"1","         qsec"
"1","           vs"
"1","           am"
"1","
mpg "
"1"," 1.708199e-02"
"1"," 3.415937e-05"
"1"," 2.850207e-04"
"1","
cyl "
"1"," 3.660533e-04"
"1"," 1.843018e-08"
"1"," 2.151207e-03"
"1","
disp"
"1"," 1.314404e-02"
"1"," 5.235012e-06"
"1"," 3.662114e-04"
"1","
hp  "
"1"," 5.766253e-06"
"1"," 2.940896e-06"
"1"," 1.798309e-01"
"1","
drat"
"1"," 6.195826e-01"
"1"," 1.167553e-02"
"1"," 4.726790e-06"
"1","
wt  "
"1"," 3.388683e-01"
"1"," 9.798492e-04"
"1"," 1.125440e-05"
"1","
qsec"
"1"," 0.000000e+00"
"1"," 1.029669e-06"
"1"," 2.056621e-01"
"1","
vs  "
"1"," 1.029669e-06"
"1"," 0.000000e+00"
"1"," 3.570439e-01"
"1","
am  "
"1"," 2.056621e-01"
"1"," 3.570439e-01"
"1"," 0.000000e+00"
"1","
"
"0","ggcorrplot(corsev, p.mat=corsevp, type=""upper"")"
